CODE_CONTRAT; STATUT; OFFRE                     ; STATUT_RGS90; ANC_M; ANC_J; RATIO; Canal_De_Vente ; HANDSET; REGION         ; FLAG_HANDSET_DATA; revenu_cdr; revenu_voix; revenu_orange; REVENU_NESSMA; revenu_ooredoo; REVENU_TT_FIXE; REVENU_TT_GSM; REVENU_LYCA; revenu_sms; revenu_onnet; revenu_offnet; DUREE_APPEL_TOT; DUREE_APPEL_GRATUIT; nb_APPEL_TOT; nb_sms_tot; NB_ACTIVITE_OUT; FREQ_ACT_OUT; FREQ_SMS_OUT; MNT_FORFAIT; MNT_FORFAIT_DATA; NB_FORFAIT; NB_FORFAIT_DATA; NB_FORFAIT_WEEKEND; MNT_FORFAIT_WEEKEND; P_FF_Data; P_FF_WEEKEND; FREQ_USSD; FREQ_USSD_DATA; VOLUME_SESSION; volume_session_c; VOLUME_4G; VOLUME_3G; VOLUME_2G; P_NB_FF_Journalier; P_NB_FF_WEEKLY; P_NB_FF_MONTHLY; P_Mnt_FF_Journalier; P_Mnt_FF_WEEKLY; P_Mnt_FF_MONTHLY; MNT_RECH; NB_RECH; MNT_RECH_SUP5; NB_RECH_SUP5; NB_JR_RECH; P_N_Rech_sup5; P_mnt_Rech_sup5; FREQ_J_RECH; revenu_sms_plus; NB_ACTIVATION_VAS; ARPU   ; P_revenu_voix; p_revenu_data; p_revenu_forfait; Evaporation; MNT_FORFAIT_DATA_next_month
SN_20969210 ; A     ; PRE - Trankil TT          ; A           ;    88;  2692;     3; Reseau direct  ; 2G     ; Nabeul         ;                 0;      13.06;       13.06;          1.52;          0   ;           4.35;           0   ;          7.19;        0   ;       0   ;         7.19;          5.87;          298.28;                0   ;       123.67;       0   ;          123.67;         0.24;        32   ;        0   ;             0   ;       0   ;            0   ;               0   ;                0   ;      0   ;         0   ;     32   ;          32   ;           0   ;                0;      0   ;      0   ;      0   ;                   ;               ;                ;                    ;                ;                 ;    11.33;    3.33;         10   ;         2   ;       3.33;          0.6 ;            0.88;        9.01;            0   ;              0   ;   13.06;          1   ;          0   ;             0   ;        0   ;                        0
SN_21597479 ; A     ; PRE - EST 1000% New       ; A           ;    72;  2217;     3; Reseau indirect; 2G     ; Kairouan       ;                 0;       4.11;        4.11;          0   ;          0   ;           1.38;           0   ;          2.73;        0   ;       0   ;         2.73;          1.38;           69.94;               65.2 ;        30   ;       0   ;           30   ;         1   ;        32   ;        0   ;             0   ;       0   ;            0   ;               0   ;                0   ;      0   ;         0   ;     32   ;          32   ;           0.14;                0;      0   ;      0   ;      0.14;                   ;               ;                ;                    ;                ;                 ;     4   ;    2.67;          1.67;         0.33;       2.67;          0.12;            0.42;       11.24;            0   ;              0   ;    4.11;          1   ;          0   ;             0   ;        0   ;                        0
SN_22344211 ; A     ; PRE - Trankil TT          ; A           ;    69;  2126;     3; Reseau direct  ; 2G     ; Sidi Bouzid    ;                 0;       7.07;        7.06;          0.64;          0   ;           1.35;           0   ;          5.08;        0   ;       0.01;         5.08;          1.99;          124.53;                0   ;       119   ;       0.33;          119.33;         0.25;        30   ;        1.33;             1.33;       0.33;            0.33;               0.33;                1.33;      1   ;         1   ;     31   ;          31   ;           0   ;                0;      0   ;      0   ;      0   ;               0   ;           0   ;            0.33;                0   ;            0   ;             0.33;     6   ;    2   ;          5   ;         1   ;       2   ;          0.5 ;            0.83;       15   ;            0   ;              0   ;    8.4 ;          0.84;          0.16;             0.16;        0   ;                        0
SN_22414166 ; A     ; PRE - CSS 1000% New       ; A           ;    73;  2223;     3; Reseau direct  ; 2G     ; Sidi Bouzid    ;                 0;       8.3 ;        8.24;          0.77;          0   ;           2.96;           0   ;          4.57;        0   ;       0.06;         4.57;          3.73;          142.66;              134.05;       235.67;      10   ;          245.67;         0.12;         3   ;        1.67;             0   ;       3.33;            0   ;               1.33;                0.67;      0   ;         0.4 ;      9.01;          32   ;           0   ;                0;      0   ;      0   ;      0   ;               0   ;           0   ;            0   ;                0   ;            0   ;             0   ;    11.67;    2.33;         11.67;         2.33;       2.33;          1   ;            1   ;       12.88;            0   ;              0   ;    9.97;          0.83;          0   ;             0.17;        0.85;                        0
SN_22438254 ; A     ; PRE - ESS 1000% New       ; A           ;    72;  2218;     3; Reseau direct  ; 4G     ; Sfax           ;                 1;       0.18;        0.15;          0.03;          0   ;           0.16;           0   ;          0   ;        0   ;       0.03;         0   ;          0.19;          553.9 ;              553.68;       386.33;      31   ;          417.33;         0.07;         0.97;       12   ;             0   ;      24   ;            0   ;               5   ;                2.5 ;      0   ;         0.21;      1.25;          32   ;        1821.38;             1821;   1785.56;     35.6 ;      0.23;               0   ;           0   ;            0   ;                0   ;            0   ;             0   ;    22.67;   21.33;          1.67;         0.33;      18   ;          0.02;            0.07;        1.67;            0   ;              0   ;   12.18;          0.01;          0   ;             0.99;        0.54;                        0
SN_22443992 ; S     ; PRE - ESS 1000% New       ; A           ;    75;  2300;     3; Reseau direct  ; 2G     ; Monastir       ;                 0;       0   ;        0   ;          0   ;          0   ;           0   ;           0   ;          0   ;        0   ;       0   ;         0   ;          0   ;            0   ;                0   ;         0   ;       0   ;            0   ;        32   ;        32   ;        0   ;             0   ;       0   ;            0   ;               0   ;                0   ;      0   ;         0   ;     32   ;          32   ;           0   ;                0;      0   ;      0   ;      0   ;                   ;               ;                ;                    ;                ;                 ;     0   ;    0   ;          0   ;         0   ;       0   ;          0   ;            0   ;       32   ;            0   ;              0   ;    0   ;          0   ;          0   ;             0   ;        0   ;                        0
SN_22573315 ; A     ; PRE - ESS 1000% New       ; A           ;    74;  2267;     3; Reseau direct  ; 2G     ; Sousse         ;                 0;       1.1 ;        0   ;          0   ;          0   ;           0   ;           0   ;          0   ;        0   ;       1.1 ;         0   ;          0   ;            4.85;                4.85;        33   ;       3.67;           36.67;         0.82;         8.17;        0   ;             0   ;       0   ;            0   ;               0   ;                0   ;      0   ;         0   ;     32   ;          32   ;           0   ;                0;      0   ;      0   ;      0   ;                   ;               ;                ;                    ;                ;                 ;     1.67;    0.33;          1.67;         0.33;       0.33;          1   ;            1   ;       30   ;            1.1 ;              3.67;    1.1 ;          0   ;          0   ;             0   ;        0.66;                        0
SN_22580217 ; S     ; PRE - ESS 1000% New       ; A           ;    76;  2320;     3; Reseau direct  ; 4G     ; Sousse         ;                 1;       0.31;        0.31;          0.15;          0   ;           0.15;           0   ;          0   ;        0   ;       0   ;         0   ;          0.3 ;            9.75;                9.54;         4.33;       0   ;            4.33;         6.93;        32   ;        0.33;             0.33;       0.33;            0.33;               0   ;                0   ;      1   ;         0   ;     31   ;          31   ;          75.04;               75;     54.98;     20.06;      0   ;               0.33;           0   ;            0   ;                0.33;            0   ;             0   ;     0.67;    0.67;          0   ;         0   ;       0.67;          0   ;            0   ;       30   ;            0   ;              0   ;    0.64;          0.48;          0.52;             0.52;        0.96;                        0
SN_23160830 ; A     ; PRE - Trankil TT          ; A           ;    73;  2231;     3; Reseau direct  ; 4G     ; Kairouan       ;                 1;      11.75;       11.75;          0.2 ;          0.05;           0.68;           0   ;         10.83;        0   ;       0   ;        10.83;          0.93;          249.27;               10.37;       218   ;       0   ;          218   ;         0.14;        32   ;       19.67;            19.67;       1.67;            1.67;               0   ;                0   ;      1   ;         0   ;     17.96;          17.96;       11052.05;            11052;  10865.3 ;    177.19;      9.57;               0   ;           0.11;            0.89;                0   ;            0.02;             0.98;    25   ;    5   ;         25   ;         5   ;       2   ;          1   ;            1   ;       15   ;            0   ;              0   ;   31.42;          0.37;          0.63;             0.63;        0   ;                       10
SN_23604167 ; A     ; PRE - ESS 1000% New       ; A           ;    76;  2333;     3; Reseau direct  ; 4G     ; Monastir       ;                 1;       6.3 ;        0.15;          0   ;          0   ;           0   ;           0   ;          1.5 ;        0   ;       4.8 ;         1.5 ;          0   ;           19.27;               19.2 ;        40   ;      10.33;           50.33;         0.6 ;         2.9 ;        0   ;             0   ;       0   ;            0   ;               0   ;                0   ;      0   ;         0   ;     32   ;          32   ;           0   ;                0;      0   ;      0   ;      0   ;                   ;               ;                ;                    ;                ;                 ;     6.33;    6.33;          0   ;         0   ;       6.33;          0   ;            0   ;        4.74;            6.15;             13.33;    6.3 ;          0.02;          0   ;             0   ;        1   ;                        0
SN_24013969 ; A     ; PRE - Trankil ELISSA      ; A           ;    80;  2462;     3; Reseau direct  ; 2G     ; Kasserine      ;                 0;       2.4 ;        2.4 ;          0.58;          0   ;           0.08;           0   ;          1.74;        0   ;       0   ;         1.74;          0.66;           44.93;                0   ;        39.67;       0   ;           39.67;         0.76;        32   ;        0   ;             0   ;       0   ;            0   ;               0   ;                0   ;      0   ;         0   ;     32   ;          32   ;           0.06;                0;      0   ;      0   ;      0.06;                   ;               ;                ;                    ;                ;                 ;     3.33;    0.67;          3.33;         0.67;       0.67;          1   ;            1   ;       30   ;            0   ;              0   ;    2.4 ;          1   ;          0   ;             0   ;        0.72;                        0
SN_24015819 ; A     ; PRE - Trankil ELISSA      ; A           ;    89;  2731;     3; Reseau direct  ; 2G     ; Siliana        ;                 0;      15.27;       15.15;          0.48;          0.15;           6.42;           0.08;          8   ;        0   ;       0.12;         8.08;          7.05;          256.23;               11.04;       320.67;      12.67;          333.34;         0.09;         2.37;        0   ;             0   ;       0   ;            0   ;               0   ;                0   ;      0   ;         0   ;     32   ;          32   ;           0.33;                0;      0   ;      0   ;      0.33;                   ;               ;                ;                    ;                ;                 ;    15.33;    6   ;         11.67;         2.33;       6   ;          0.39;            0.76;        5   ;            0.12;              0.33;   15.27;          0.99;          0   ;             0   ;        1   ;                        0
SN_24779565 ; S     ; PRE - ESS 1000% New       ; A           ;    78;  2380;     3; Reseau direct  ; 4G     ; Sousse         ;                 1;       0   ;        0   ;          0   ;          0   ;           0   ;           0   ;          0   ;        0   ;       0   ;         0   ;          0   ;            0.31;                0.31;         0.33;       0   ;            0.33;        30   ;        32   ;        0   ;             0   ;       0   ;            0   ;               0   ;                0   ;      0   ;         0   ;     32   ;          32   ;           0   ;                0;      0   ;      0   ;      0   ;                   ;               ;                ;                    ;                ;                 ;     0.67;    0.67;          0   ;         0   ;       0.67;          0   ;            0   ;       30   ;            0   ;              0   ;    0   ;          0   ;          0   ;             0   ;        0   ;                        0
SN_24841974 ; A     ; PRE - Trankil ELISSA      ; A           ;    80;  2459;     3; Reseau indirect; 2G     ; Sidi Bouzid    ;                 0;      19.87;       19.87;          3.48;          0.19;           5.66;           0.02;         10.52;        0   ;       0   ;        10.54;          9.33;          404.35;                9.59;       295.33;       0   ;          295.33;         0.1 ;        32   ;        0   ;             0   ;       0   ;            0   ;               0   ;                0   ;      0   ;         0   ;     32   ;          32   ;           0.01;                0;      0.01;      0   ;      0   ;                   ;               ;                ;                    ;                ;                 ;    15.33;    3.33;         15   ;         3   ;       3   ;          0.9 ;            0.98;       10   ;            0   ;              0   ;   19.87;          1   ;          0   ;             0   ;        0   ;                        0
SN_24848396 ; A     ; PRE - Trankil ELISSA      ; A           ;    90;  2750;     3; Reseau indirect; 3G     ; Kairouan       ;                 1;       2.47;        2.47;          0.69;          0   ;           0   ;           0   ;          1.79;        0   ;       0   ;         1.79;          0.69;           32.67;                0   ;        60.67;       0   ;           60.67;         0.49;        32   ;        0   ;             0   ;       0   ;            0   ;               0   ;                0   ;      0   ;         0   ;     32   ;          32   ;           0   ;                0;      0   ;      0   ;      0   ;                   ;               ;                ;                    ;                ;                 ;     3   ;    1.67;          1.67;         0.33;       1.67;          0.2 ;            0.56;       17.96;            0   ;              0   ;    2.47;          1   ;          0   ;             0   ;        0.82;                        0
SN_25004610 ; A     ; PRE - ESS 1000% New       ; A           ;    75;  2284;     3; Reseau direct  ; 4G     ; Mahdia         ;                 1;       0.55;        0   ;          0   ;          0   ;           0.12;           0   ;          0.33;        0   ;       0.22;         0.33;          0.12;          593.35;              593.35;       167.67;       9.67;          177.34;         0.17;         3.1 ;       31.83;            31.83;       1.67;            1.67;               0.67;                9.66;      1   ;         0.3 ;     17.96;          17.96;       31660.71;            31661;  28094.71;   3563.7 ;      2.3 ;               0.6 ;           0   ;            0.4 ;                0.01;            0   ;             0.99;    38.67;    8   ;         38.33;         7.67;       2.33;          0.96;            0.99;       12.88;            0.33;              0.67;   32.38;          0   ;          0.98;             0.98;        0.84;                       12.5
SN_25010021 ; A     ; PRE - ESS 1000% New       ; A           ;    79;  2424;     3; Reseau direct  ; 4G     ; Sousse         ;                 1;       0.32;        0.31;          0   ;          0   ;           0   ;           0   ;          0.32;        0   ;       0.01;         0.32;          0   ;            1.59;                1.38;        10.33;       0.33;           10.66;         2.81;        30   ;        2.17;             2.17;       4.33;            4.33;               0.67;                0.33;      1   ;         0.15;      6.93;           6.93;         287.57;              288;     45.98;      0.58;    241.01;               0.33;           0   ;            0   ;                0.33;            0   ;             0   ;     3.33;    0.67;          3.33;         0.67;       0.33;          1   ;            1   ;       30   ;            0   ;              0   ;    2.49;          0.12;          0.87;             0.87;        0.75;                        0
